{
  "id": "acode.plugin.lint",
  "name": "Lint",
  "main": "dist/main.js",
  "type": "free",
  "version": "1.0.5",
  "readme": "readme.md",
  "icon": "icon.png",
  "files": [
    "workers/worker-base.js",
    "workers/worker-coffee.js",
    "workers/worker-css.js",
    "workers/worker-html.js",
    "workers/worker-javascript.js",
    "workers/worker-json.js",
    "workers/worker-lua.js",
    "workers/worker-php.js",
    "workers/worker-xml.js",
    "workers/worker-xquery.js",
    "workers/worker-yaml.js"
  ],
  "author": {
    "name": "Ajit Kumar",
    "email": "me@ajitkumar.dev",
    "github": "https://github.com/deadlyjack"
  }
}